{
	"powers": [
		"drown:ghost_projectile",
		"drown:riptide",
		"drown:restore_hunger",
		"drown:aqua",
		"drown:water",
		"drown:no_shield",
		"drown:fire",
		"drown:dry",
		"drown:idk",
		"origins:like_water",
		"drown:fragile",
		"drown:weak",
		"drown:sunscreen",
		"drown:sunscreenone",
		"drown:sunscreentwo",
		"drown:suncreen_gain",
		"drown:sunscreen_lose"

	],
	"icon": "minecraft:trident",
	"order": 11,
	"impact": 3,
	"name": "drownborn",
	"description": "The Drowned Origin by LanceTheLord"
}
