{
   "type":"origins:fire_projectile",
   "cooldown":35,
   "tag": "{pickup:0b}",
   "hud_render":{
      "sprite_location": "origins:textures/gui/community/spiderkolo/resource_bar_02.png",
      "bar_index": 1
   },
   "entity_type":"minecraft:trident",
   "sound":"minecraft:entity.drowned.shoot",
   "speed":2,
   "count":1,
   "divergence": 2,
   "key":"secondary",
   "hidden":false,
   "name":"Posedion's Wrath",
   "description":"Primary Ability: You summon the Trident of Posedion"
}
