{
    "type": "origins:self_action_on_hit",
    "name": "Restore Hunger",
    "description": "You restore hunger on hit with a cooldown",
    "entity_action": {
        "type": "origins:if_else",
        "condition": {
            "type": "origins:food_level",
            "comparison": "==",
            "compare_to": 20
        },
        "if_action": {
            "type": "origins:feed",
            "food": 1,
            "saturation": 0.8
        },
        "else_action": {
            "type": "origins:feed",
            "food": 1,
            "saturation": 0
        }
    },
    "hidden": true,
    "cooldown": 20,
    "hud_render":
  {
    "should_render": true,
    "sprite_location": 	"origins:textures/gui/community/spiderkolo/resource_bar_03.png",
    "bar_index": 5
  }
}
